Drug Regimen,Tumor Volume (mm3)
Capomulin,36.6675677192
Ceftamin,57.7539768252
Infubinol,58.1782457852
Ketapril,62.80619145439999
Naftisol,61.2057570152
Placebo,60.508414346399995
Propriva,56.49388378708333
Ramicane,36.1913904284
Stelasyn,61.00170658833333
Zoniferol,59.181257779999996
